차량위치,address,range
대전광역시 대덕구 상서동 428-1(15m 범위),대전광역시 대덕구 상서동 428-1,15m 범위
대전광역시 대덕구 상서동 415(5m 범위),대전광역시 대덕구 상서동 415,5m 범위
대전광역시 대덕구 상서동 804(5m 범위),대전광역시 대덕구 상서동 804,5m 범위
대전광역시 대덕구 상서동 418-4(5m 범위),대전광역시 대덕구 상서동 418-4,5m 범위
대전광역시 대덕구 상서동 411(25m 범위),대전광역시 대덕구 상서동 411,25m 범위
대전광역시 대덕구 상서동 442-9(9m 범위),대전광역시 대덕구 상서동 442-9,9m 범위
대전광역시 대덕구 신대동 292-11(16m 범위),대전광역시 대덕구 신대동 292-11,16m 범위
대전광역시 대덕구 대화동 397-3(22m 범위),대전광역시 대덕구 대화동 397-3,22m 범위
대전광역시 서구 만년동 404(25m 범위),대전광역시 서구 만년동 404,25m 범위
대전광역시 서구 월평동 188-1(26m 범위),대전광역시 서구 월평동 188-1,26m 범위
대전광역시 유성구 원신흥동 646(19m 범위),대전광역시 유성구 원신흥동 646,19m 범위
대전광역시 서구 도안동 426-19(21m 범위),대전광역시 서구 도안동 426-19,21m 범위
대전광역시 서구 도안동 1472(38m 범위),대전광역시 서구 도안동 1472,38m 범위
대전광역시 서구 관저동 1893-14(57m 범위),대전광역시 서구 관저동 1893-14,57m 범위
대전광역시 서구 관저동 984-2(27m 범위),대전광역시 서구 관저동 984-2,27m 범위
대전광역시 서구 관저동 984(28m 범위),대전광역시 서구 관저동 984,28m 범위
대전광역시 서구 관저동 1892-25(70m 범위),대전광역시 서구 관저동 1892-25,70m 범위
대전광역시 서구 관저동 985(76m 범위),대전광역시 서구 관저동 985,76m 범위
대전광역시 서구 관저동 984-2(49m 범위),대전광역시 서구 관저동 984-2,49m 범위
대전광역시 서구 관저동 984(47m 범위),대전광역시 서구 관저동 984,47m 범위
대전광역시 서구 관저동 986(56m 범위),대전광역시 서구 관저동 986,56m 범위
대전광역시 서구 도안동 1410(60m 범위),대전광역시 서구 도안동 1410,60m 범위
대전광역시 서구 도안동 1521(17m 범위),대전광역시 서구 도안동 1521,17m 범위
대전광역시 유성구 원신흥동 640(21m 범위),대전광역시 유성구 원신흥동 640,21m 범위
대전광역시 서구 월평동 1555(24m 범위),대전광역시 서구 월평동 1555,24m 범위
대전광역시 서구 만년동 408(29m 범위),대전광역시 서구 만년동 408,29m 범위
대전광역시 대덕구 대화동 390-3(27m 범위),대전광역시 대덕구 대화동 390-3,27m 범위
대전광역시 대덕구 신대동 276-4(4m 범위),대전광역시 대덕구 신대동 276-4,4m 범위
대전광역시 대덕구 상서동 397-2(8m 범위),대전광역시 대덕구 상서동 397-2,8m 범위
대전광역시 대덕구 상서동 418-4(8m 범위),대전광역시 대덕구 상서동 418-4,8m 범위
대전광역시 대덕구 상서동 428-1(14m 범위),대전광역시 대덕구 상서동 428-1,14m 범위
대전광역시 대덕구 상서동 415-1(12m 범위),대전광역시 대덕구 상서동 415-1,12m 범위
대전광역시 대덕구 상서동 389-28(25m 범위),대전광역시 대덕구 상서동 389-28,25m 범위
대전광역시 대덕구 신대동 292-6(4m 범위),대전광역시 대덕구 신대동 292-6,4m 범위
대전광역시 대덕구 대화동 391-8(18m 범위),대전광역시 대덕구 대화동 391-8,18m 범위
대전광역시 서구 만년동 404(46m 범위),대전광역시 서구 만년동 404,46m 범위
대전광역시 서구 월평동 163-27(24m 범위),대전광역시 서구 월평동 163-27,24m 범위
대전광역시 유성구 원신흥동 670(11m 범위),대전광역시 유성구 원신흥동 670,11m 범위
대전광역시 서구 도안동 1549(37m 범위),대전광역시 서구 도안동 1549,37m 범위
대전광역시 서구 도안동 1562(54m 범위),대전광역시 서구 도안동 1562,54m 범위
대전광역시 서구 관저동 1893-15(23m 범위),대전광역시 서구 관저동 1893-15,23m 범위
대전광역시 서구 관저동 984(50m 범위),대전광역시 서구 관저동 984,50m 범위
대전광역시 서구 관저동 1892-25(76m 범위),대전광역시 서구 관저동 1892-25,76m 범위
대전광역시 서구 관저동 985(37m 범위),대전광역시 서구 관저동 985,37m 범위
대전광역시 서구 관저동 984-2(52m 범위),대전광역시 서구 관저동 984-2,52m 범위
대전광역시 서구 관저동 985(60m 범위),대전광역시 서구 관저동 985,60m 범위
대전광역시 서구 도안동 2072(56m 범위),대전광역시 서구 도안동 2072,56m 범위
대전광역시 서구 도안동 1904(6m 범위),대전광역시 서구 도안동 1904,6m 범위
대전광역시 서구 도안동 1819(12m 범위),대전광역시 서구 도안동 1819,12m 범위
대전광역시 서구 도안동 1825(9m 범위),대전광역시 서구 도안동 1825,9m 범위
대전광역시 서구 도안동 1843(6m 범위),대전광역시 서구 도안동 1843,6m 범위
대전광역시 서구 도안동 2193(18m 범위),대전광역시 서구 도안동 2193,18m 범위
대전광역시 서구 도안동 2032(6m 범위),대전광역시 서구 도안동 2032,6m 범위
대전광역시 서구 도안동 1946(9m 범위),대전광역시 서구 도안동 1946,9m 범위
대전광역시 서구 도안동 1930(7m 범위),대전광역시 서구 도안동 1930,7m 범위
대전광역시 서구 도안동 1911(13m 범위),대전광역시 서구 도안동 1911,13m 범위
대전광역시 서구 도안동 1978(12m 범위),대전광역시 서구 도안동 1978,12m 범위
대전광역시 서구 도안동 1995(6m 범위),대전광역시 서구 도안동 1995,6m 범위
대전광역시 서구 도안동 1797(40m 범위),대전광역시 서구 도안동 1797,40m 범위
대전광역시 서구 도안동 1439(9m 범위),대전광역시 서구 도안동 1439,9m 범위
대전광역시 서구 도안동 1401(20m 범위),대전광역시 서구 도안동 1401,20m 범위
대전광역시 서구 도안동 1381(15m 범위),대전광역시 서구 도안동 1381,15m 범위
대전광역시 서구 도안동 1412(4m 범위),대전광역시 서구 도안동 1412,4m 범위
대전광역시 서구 도안동 978(38m 범위),대전광역시 서구 도안동 978,38m 범위
대전광역시 유성구 원신흥동 558-4(42m 범위),대전광역시 유성구 원신흥동 558-4,42m 범위
대전광역시 서구 도안동 1487(9m 범위),대전광역시 서구 도안동 1487,9m 범위
대전광역시 서구 도안동 891(12m 범위),대전광역시 서구 도안동 891,12m 범위
대전광역시 서구 도안동 923(13m 범위),대전광역시 서구 도안동 923,13m 범위
대전광역시 서구 도안동 942(11m 범위),대전광역시 서구 도안동 942,11m 범위
대전광역시 서구 도안동 906(51m 범위),대전광역시 서구 도안동 906,51m 범위
대전광역시 유성구 원신흥동 646(34m 범위),대전광역시 유성구 원신흥동 646,34m 범위
대전광역시 유성구 원신흥동 640(15m 범위),대전광역시 유성구 원신흥동 640,15m 범위
대전광역시 서구 월평동 191-6(38m 범위),대전광역시 서구 월평동 191-6,38m 범위
대전광역시 서구 월평동 1559(41m 범위),대전광역시 서구 월평동 1559,41m 범위
대전광역시 서구 만년동 615(28m 범위),대전광역시 서구 만년동 615,28m 범위
대전광역시 대덕구 신대동 484-4(44m 범위),대전광역시 대덕구 신대동 484-4,44m 범위
대전광역시 대덕구 신대동 307-1(17m 범위),대전광역시 대덕구 신대동 307-1,17m 범위
대전광역시 대덕구 신대동 550(6m 범위),대전광역시 대덕구 신대동 550,6m 범위
대전광역시 대덕구 상서동 437-4(11m 범위),대전광역시 대덕구 상서동 437-4,11m 범위
대전광역시 대덕구 상서동 411(25m 범위),대전광역시 대덕구 상서동 411,25m 범위
